<?xml version="1.0" encoding="UTF-8"?>
<jdbcDataSource exportedWithPermissions="true">
    <folder>/datasources</folder>
    <name>PostgreSQL</name>
    <version>0</version>
    <label>PostgreSQL</label>
    <creationDate>2020-12-15T03:14:43.640Z</creationDate>
    <updateDate>2020-12-15T03:14:43.640Z</updateDate>
    <driver>org.postgresql.Driver</driver>
    <connectionUrl>jdbc:postgresql://localhost:5432/nanopore</connectionUrl>
    <connectionUser>postgres</connectionUser>
    <connectionPassword>ENC&lt;4A5253495600000010DC521925B557984253FC87C2DCA2BD14BEEB6D22864806D7EA473330550043F9&gt;</connectionPassword>
    <timezone></timezone>
</jdbcDataSource>
