<?xml version="1.0" encoding="UTF-8"?>
<export><property name="keyalias" value="1f2ed2f0-7893-4996-a8d8-7af59f64bfa5"/><module id="repositoryResources"><resource>/reports/interactive/MapReport</resource></module><module id="reportJobs"/><property name="pathProcessorId" value="zip"/><property name="rootTenantId" value="organizations"/><property name="jsVersion" value="7.8.0 CE"/><property name="encrypted" value="4A5253495600000010CBDA0BBB64736D784ECBDD8ED415BE35F97C99E520EFB9390BF51C37D2243DD8"/></export>